{
  "type": "FeatureCollection",
  "generator": "overpass-turbo",
  "copyright": "The data included in this document is from www.openstreetmap.org. The data is made available under ODbL.",
  "timestamp": "2026-09-11T05:09:05Z",
  "features": [
    {
      "type": "Feature",
      "properties": {
        "@id": "way/201618323",
        "amenity": "school",
        "name": "E.B. Manuel María Villalobos",
        "official_name": "Escuela Básica Manuel María Villalobos"
      },
      "geometry": {
        "type": "Polygon",
        "coordinates": [
          [
            [
              -66.383047,
              10.6179652
            ],
            [
              -66.3830666,
              10.6179345
            ],
            [
              -66.3831618,
              10.6179953
            ],
            [
              -66.3832478,
              10.6178607
            ],
            [
              -66.3831953,
              10.6178272
            ],
            [
              -66.3832669,
              10.617715
            ],
            [
              -66.3828652,
              10.6174552
            ],
            [
              -66.382777,
              10.6175934
            ],
            [
              -66.3826942,
              10.6175405
            ],
            [
              -66.3826606,
              10.6175931
            ],
            [
              -66.3826771,
              10.6176036
            ],
            [
              -66.3826202,
              10.6176927
            ],
            [
              -66.383047,
              10.6179652
            ]
          ]
        ]
      },
      "id": "way/201618323"
    },
    {
      "type": "Feature",
      "properties": {
        "@id": "way/201618325",
        "addr:postcode": "1168",
        "amenity": "hospital",
        "building": "hospital",
        "healthcare": "hospital",
        "name": "Hospital Dr. José María España"
      },
      "geometry": {
        "type": "Polygon",
        "coordinates": [
          [
            [
              -66.3831601,
              10.6196561
            ],
            [
              -66.383055,
              10.619885
            ],
            [
              -66.3831391,
              10.6199236
            ],
            [
              -66.3831181,
              10.6199693
            ],
            [
              -66.38317,
              10.6199932
            ],
            [
              -66.3831954,
              10.6199379
            ],
            [
              -66.3832911,
              10.6199818
            ],
            [
              -66.3833021,
              10.6199578
            ],
            [
              -66.3833266,
              10.6199044
            ],
            [
              -66.3833416,
              10.6199113
            ],
            [
              -66.3833166,
              10.6199656
            ],
            [
              -66.383505,
              10.6200522
            ],
            [
              -66.3835952,
              10.6198559
            ],
            [
              -66.3835093,
              10.6198165
            ],
            [
              -66.3831601,
              10.6196561
            ]
          ]
        ]
      },
      "id": "way/201618325"
    },
    {
      "type": "Feature",
      "properties": {
        "@id": "way/201618327",
        "amenity": "school",
        "name": "U.E. Liceo Básico Caruao",
        "official_name": "Unidad Educativa Liceo Básico Caruao"
      },
      "geometry": {
        "type": "Polygon",
        "coordinates": [
          [
            [
              -66.3833361,
              10.6177596
            ],
            [
              -66.3833769,
              10.6176953
            ],
            [
              -66.3832543,
              10.6176173
            ],
            [
              -66.3834396,
              10.617326
            ],
            [
              -66.3834955,
              10.6173616
            ],
            [
              -66.3835345,
              10.6173002
            ],
            [
              -66.3833786,
              10.6172011
            ],
            [
              -66.3831145,
              10.6176164
            ],
            [
              -66.3833361,
              10.6177596
            ]
          ]
        ]
      },
      "id": "way/201618327"
    },
    {
      "type": "Feature",
      "properties": {
        "@id": "way/205942128",
        "amenity": "school"
      },
      "geometry": {
        "type": "Polygon",
        "coordinates": [
          [
            [
              -66.4593655,
              10.6229122
            ],
            [
              -66.4595058,
              10.6228904
            ],
            [
              -66.4595102,
              10.6229188
            ],
            [
              -66.4596219,
              10.6229015
            ],
            [
              -66.4598463,
              10.6228666
            ],
            [
              -66.4598045,
              10.6225972
            ],
            [
              -66.4595419,
              10.622638
            ],
            [
              -66.4595513,
              10.6226985
            ],
            [
              -66.4594862,
              10.6227086
            ],
            [
              -66.4594949,
              10.6227647
            ],
            [
              -66.4593462,
              10.6227878
            ],
            [
              -66.4593655,
              10.6229122
            ]
          ]
        ]
      },
      "id": "way/205942128"
    },
    {
      "type": "Feature",
      "properties": {
        "@id": "way/248448809",
        "amenity": "hospital",
        "building": "yes",
        "healthcare": "hospital",
        "name": "Módulo de la Aduana Aérea"
      },
      "geometry": {
        "type": "Polygon",
        "coordinates": [
          [
            [
              -66.9857295,
              10.5978829
            ],
            [
              -66.9857012,
              10.5977737
            ],
            [
              -66.9857661,
              10.5977575
            ],
            [
              -66.9857519,
              10.5977024
            ],
            [
              -66.9857696,
              10.5976979
            ],
            [
              -66.9857381,
              10.5975763
            ],
            [
              -66.9856354,
              10.597602
            ],
            [
              -66.9856464,
              10.5976444
            ],
            [
              -66.9856319,
              10.597648
            ],
            [
              -66.9856188,
              10.5975974
            ],
            [
              -66.985571,
              10.5976093
            ],
            [
              -66.9855839,
              10.5976587
            ],
            [
              -66.9853987,
              10.5977051
            ],
            [
              -66.9853885,
              10.597666
            ],
            [
              -66.985343,
              10.5976774
            ],
            [
              -66.9853533,
              10.5977173
            ],
            [
              -66.9853251,
              10.5977244
            ],
            [
              -66.9853082,
              10.5976664
            ],
            [
              -66.9853384,
              10.5976558
            ],
            [
              -66.9853203,
              10.5975866
            ],
            [
              -66.9852693,
              10.5976176
            ],
            [
              -66.9852023,
              10.5976749
            ],
            [
              -66.98515,
              10.597725
            ],
            [
              -66.9851611,
              10.5977654
            ],
            [
              -66.985118,
              10.5977771
            ],
            [
              -66.9850883,
              10.5978437
            ],
            [
              -66.9850495,
              10.5980256
            ],
            [
              -66.9851936,
              10.5979913
            ],
            [
              -66.9852673,
              10.5979709
            ],
            [
              -66.9852747,
              10.5979972
            ],
            [
              -66.9854116,
              10.5979643
            ],
            [
              -66.9855617,
              10.5979274
            ],
            [
              -66.9855677,
              10.5979491
            ],
            [
              -66.9856375,
              10.5979313
            ],
            [
              -66.9856328,
              10.5979096
            ],
            [
              -66.9857295,
              10.5978829
            ]
          ]
        ]
      },
      "id": "way/248448809"
    },
    {
      "type": "Feature",
      "properties": {
        "@id": "way/269631171",
        "addr:city": "Maiquetía",
        "amenity": "hospital",
        "emergency": "yes",
        "healthcare": "hospital",
        "name": "Hospital San José",
        "phone": "+58 212 3034451"
      },
      "geometry": {
        "type": "Polygon",
        "coordinates": [
          [
            [
              -66.956768,
              10.5956635
            ],
            [
              -66.9567597,
              10.5957725
            ],
            [
              -66.9567652,
              10.5958123
            ],
            [
              -66.9567509,
              10.5958888
            ],
            [
              -66.9567514,
              10.5960665
            ],
            [
              -66.9571322,
              10.5961004
            ],
            [
              -66.9575363,
              10.5961225
            ],
            [
              -66.9575454,
              10.5956926
            ],
            [
              -66.956768,
              10.5956635
            ]
          ]
        ]
      },
      "id": "way/269631171"
    },
    {
      "type": "Feature",
      "properties": {
        "@id": "way/269634199",
        "addr:city": "La Guaira",
        "addr:street": "Av. Carlos Soublette",
        "amenity": "hospital",
        "emergency": "yes",
        "healthcare": "hospital",
        "name": "IVSS Hospital José María Vargas",
        "operator": "Instituto Venezolano de los Seguros Sociales",
        "operator:short": "IVSS",
        "operator:type": "government",
        "operator:wikidata": "Q9008775",
        "phone": "+58 212 3316555"
      },
      "geometry": {
        "type": "Polygon",
        "coordinates": [
          [
            [
              -66.9223878,
              10.6036169
            ],
            [
              -66.9223739,
              10.6025575
            ],
            [
              -66.9222836,
              10.6024413
            ],
            [
              -66.9218491,
              10.6022402
            ],
            [
              -66.921709,
              10.6021971
            ],
            [
              -66.9211013,
              10.6021139
            ],
            [
              -66.921006,
              10.6022568
            ],
            [
              -66.9213197,
              10.6036542
            ],
            [
              -66.9223878,
              10.6036169
            ]
          ]
        ]
      },
      "id": "way/269634199"
    },
    {
      "type": "Feature",
      "properties": {
        "@id": "way/269634412",
        "amenity": "school",
        "building:levels": "2",
        "name": "U.E. República de Panamá"
      },
      "geometry": {
        "type": "Polygon",
        "coordinates": [
          [
            [
              -66.9268284,
              10.6017822
            ],
            [
              -66.9267285,
              10.6012152
            ],
            [
              -66.9262068,
              10.6012963
            ],
            [
              -66.9253924,
              10.6015124
            ],
            [
              -66.9254916,
              10.6017063
            ],
            [
              -66.9258263,
              10.6016078
            ],
            [
              -66.9259623,
              10.6020264
            ],
            [
              -66.9268284,
              10.6017822
            ]
          ]
        ]
      },
      "id": "way/269634412"
    },
    {
      "type": "Feature",
      "properties": {
        "@id": "way/272874414",
        "amenity": "school",
        "education": "school",
        "name": "Escuela Francisco Lazo Martí"
      },
      "geometry": {
        "type": "Polygon",
        "coordinates": [
          [
            [
              -66.650812,
              10.6232955
            ],
            [
              -66.6507982,
              10.6230053
            ],
            [
              -66.6504579,
              10.6230209
            ],
            [
              -66.6504716,
              10.6233111
            ],
            [
              -66.650812,
              10.6232955
            ]
          ]
        ]
      },
      "id": "way/272874414"
    },
    {
      "type": "Feature",
      "properties": {
        "@id": "way/272874417",
        "leisure": "park",
        "name": "Plaza Bolívar"
      },
      "geometry": {
        "type": "Polygon",
        "coordinates": [
          [
            [
              -66.6508159,
              10.6235824
            ],
            [
              -66.6508025,
              10.6233483
            ],
            [
              -66.6504926,
              10.6233654
            ],
            [
              -66.650506,
              10.6235995
            ],
            [
              -66.6508159,
              10.6235824
            ]
          ]
        ]
      },
      "id": "way/272874417"
    },
    {
      "type": "Feature",
      "properties": {
        "@id": "way/272925882",
        "addr:city": "Catia La Mar",
        "addr:country": "VE",
        "addr:state": "Vargas",
        "addr:suburb": "Marapa",
        "amenity": "school",
        "name": "Escuela Marapa",
        "operator": "Gobernación de Vargas"
      },
      "geometry": {
        "type": "Polygon",
        "coordinates": [
          [
            [
              -67.0547826,
              10.5842616
            ],
            [
              -67.0548476,
              10.5840085
            ],
            [
              -67.0545783,
              10.5838998
            ],
            [
              -67.0544293,
              10.5841996
            ],
            [
              -67.0547826,
              10.5842616
            ]
          ]
        ]
      },
      "id": "way/272925882"
    },
    {
      "type": "Feature",
      "properties": {
        "@id": "way/272980128",
        "addr:city": "La Guaira",
        "addr:postcode": "1161",
        "addr:street": "Av. Soublette",
        "amenity": "school",
        "name": "Liceo Vargas"
      },
      "geometry": {
        "type": "Polygon",
        "coordinates": [
          [
            [
              -66.9667223,
              10.6014518
            ],
            [
              -66.9670491,
              10.6003979
            ],
            [
              -66.9660576,
              10.6001009
            ],
            [
              -66.965731,
              10.6011549
            ],
            [
              -66.9667223,
              10.6014518
            ]
          ]
        ]
      },
      "id": "way/272980128"
    },
    {
      "type": "Feature",
      "properties": {
        "@id": "way/272980248",
        "addr:city": "Maiquetía",
        "leisure": "park",
        "name": "Plaza Padre Machado"
      },
      "geometry": {
        "type": "Polygon",
        "coordinates": [
          [
            [
              -66.9562662,
              10.5956525
            ],
            [
              -66.9562333,
              10.5958664
            ],
            [
              -66.9566579,
              10.596031
            ],
            [
              -66.9567074,
              10.5957053
            ],
            [
              -66.9566646,
              10.5956724
            ],
            [
              -66.9562662,
              10.5956525
            ]
          ]
        ]
      },
      "id": "way/272980248"
    },
    {
      "type": "Feature",
      "properties": {
        "@id": "way/280534489",
        "addr:city": "Catia La Mar",
        "addr:suburb": "Las Colinas",
        "amenity": "hospital",
        "healthcare": "hospital",
        "name": "Hospital de Niños Excepcionales El Niño y El Mar"
      },
      "geometry": {
        "type": "Polygon",
        "coordinates": [
          [
            [
              -67.0357974,
              10.606848
            ],
            [
              -67.035729,
              10.6065672
            ],
            [
              -67.0354595,
              10.6063787
            ],
            [
              -67.0353253,
              10.6061098
            ],
            [
              -67.0349445,
              10.6061361
            ],
            [
              -67.0347996,
              10.6068585
            ],
            [
              -67.0348801,
              10.6070009
            ],
            [
              -67.0357974,
              10.606848
            ]
          ]
        ]
      },
      "id": "way/280534489"
    },
    {
      "type": "Feature",
      "properties": {
        "@id": "way/280538709",
        "leisure": "park",
        "name": "Plaza Vargas"
      },
      "geometry": {
        "type": "Polygon",
        "coordinates": [
          [
            [
              -67.0341281,
              10.6076064
            ],
            [
              -67.0338522,
              10.6073968
            ],
            [
              -67.0337376,
              10.6075559
            ],
            [
              -67.0337293,
              10.6077617
            ],
            [
              -67.0340318,
              10.6077363
            ],
            [
              -67.0341281,
              10.6076064
            ]
          ]
        ]
      },
      "id": "way/280538709"
    },
    {
      "type": "Feature",
      "properties": {
        "@id": "way/291269166",
        "amenity": "hospital",
        "building": "hospital",
        "healthcare": "hospital",
        "name": "CDI La Atlántida"
      },
      "geometry": {
        "type": "Polygon",
        "coordinates": [
          [
            [
              -67.0365984,
              10.6072242
            ],
            [
              -67.0369978,
              10.6068725
            ],
            [
              -67.0367476,
              10.606598
            ],
            [
              -67.0366378,
              10.6066947
            ],
            [
              -67.036742,
              10.606809
            ],
            [
              -67.0366705,
              10.6068719
            ],
            [
              -67.0364524,
              10.607064
            ],
            [
              -67.0365984,
              10.6072242
            ]
          ]
        ]
      },
      "id": "way/291269166"
    },
    {
      "type": "Feature",
      "properties": {
        "@id": "way/306823432",
        "leisure": "park"
      },
      "geometry": {
        "type": "Polygon",
        "coordinates": [
          [
            [
              -67.0321453,
              10.6004379
            ],
            [
              -67.0321124,
              10.6000182
            ],
            [
              -67.0316889,
              10.6000502
            ],
            [
              -67.0317217,
              10.6004699
            ],
            [
              -67.0321453,
              10.6004379
            ]
          ]
        ]
      },
      "id": "way/306823432"
    },
    {
      "type": "Feature",
      "properties": {
        "@id": "way/306847205",
        "alt_name": "CANES",
        "amenity": "hospital",
        "building": "hospital",
        "emergency": "yes",
        "healthcare": "hospital",
        "name": "Hospital Naval Dr. Raúl Perdomo Hurtado"
      },
      "geometry": {
        "type": "Polygon",
        "coordinates": [
          [
            [
              -67.0300171,
              10.6007817
            ],
            [
              -67.0291693,
              10.6008925
            ],
            [
              -67.0291599,
              10.6008227
            ],
            [
              -67.0289375,
              10.6008518
            ],
            [
              -67.0289863,
              10.6012128
            ],
            [
              -67.0291506,
              10.6011913
            ],
            [
              -67.0291601,
              10.6012619
            ],
            [
              -67.0288486,
              10.6013025
            ],
            [
              -67.0288841,
              10.6015656
            ],
            [
              -67.0294045,
              10.6014978
            ],
            [
              -67.0294099,
              10.6015378
            ],
            [
              -67.0294835,
              10.6015282
            ],
            [
              -67.0294781,
              10.6014882
            ],
            [
              -67.0303993,
              10.6013681
            ],
            [
              -67.0304074,
              10.6014278
            ],
            [
              -67.0305233,
              10.6014126
            ],
            [
              -67.0305153,
              10.601353
            ],
            [
              -67.0306504,
              10.6013354
            ],
            [
              -67.0306283,
              10.6011712
            ],
            [
              -67.0301312,
              10.601236
            ],
            [
              -67.0301221,
              10.6011686
            ],
            [
              -67.0300056,
              10.6011838
            ],
            [
              -67.0299763,
              10.6009671
            ],
            [
              -67.0300411,
              10.6009587
            ],
            [
              -67.0300171,
              10.6007817
            ]
          ]
        ]
      },
      "id": "way/306847205"
    },
    {
      "type": "Feature",
      "properties": {
        "@id": "way/307244596",
        "amenity": "school"
      },
      "geometry": {
        "type": "Polygon",
        "coordinates": [
          [
            [
              -67.0393524,
              10.5975672
            ],
            [
              -67.0393302,
              10.5972825
            ],
            [
              -67.0393294,
              10.5972729
            ],
            [
              -67.0392523,
              10.59728
            ],
            [
              -67.0392442,
              10.5972455
            ],
            [
              -67.0392281,
              10.5971215
            ],
            [
              -67.0390002,
              10.5971421
            ],
            [
              -67.0390155,
              10.5972709
            ],
            [
              -67.0389856,
              10.5972743
            ],
            [
              -67.0388845,
              10.597286
            ],
            [
              -67.0389182,
              10.5975568
            ],
            [
              -67.0389652,
              10.5975534
            ],
            [
              -67.0389699,
              10.5976136
            ],
            [
              -67.0390217,
              10.5976078
            ],
            [
              -67.0390774,
              10.5976017
            ],
            [
              -67.0392052,
              10.5975839
            ],
            [
              -67.0392385,
              10.597581
            ],
            [
              -67.0393524,
              10.5975672
            ]
          ]
        ]
      },
      "id": "way/307244596"
    },
    {
      "type": "Feature",
      "properties": {
        "@id": "way/313026915",
        "addr:city": "Maiquetía",
        "addr:housename": "Colegio San Vicente de Paúl",
        "amenity": "school",
        "name": "Escuela San Vicente de Paul"
      },
      "geometry": {
        "type": "Polygon",
        "coordinates": [
          [
            [
              -66.9585521,
              10.5960357
            ],
            [
              -66.9580668,
              10.5961205
            ],
            [
              -66.9581774,
              10.5965752
            ],
            [
              -66.9579151,
              10.596618
            ],
            [
              -66.9579287,
              10.5969309
            ],
            [
              -66.9581854,
              10.5973466
            ],
            [
              -66.9587443,
              10.5970682
            ],
            [
              -66.9585521,
              10.5960357
            ]
          ]
        ]
      },
      "id": "way/313026915"
    },
    {
      "type": "Feature",
      "properties": {
        "@id": "way/313027190",
        "addr:city": "Pariata",
        "alt_name": "Hospital Periférico de Pariata",
        "amenity": "hospital",
        "healthcare": "hospital",
        "name": "Hospital Dr. Rafael Medina Jiménez Periférico de Pariata"
      },
      "geometry": {
        "type": "Polygon",
        "coordinates": [
          [
            [
              -66.961022,
              10.597449
            ],
            [
              -66.9613701,
              10.596482
            ],
            [
              -66.9610654,
              10.5963636
            ],
            [
              -66.9608909,
              10.5963355
            ],
            [
              -66.9609229,
              10.596735
            ],
            [
              -66.961022,
              10.597449
            ]
          ]
        ]
      },
      "id": "way/313027190"
    },
    {
      "type": "Feature",
      "properties": {
        "@id": "way/337991131",
        "addr:city": "Macuto",
        "addr:street": "Av. España",
        "amenity": "school",
        "building": "yes",
        "damage:assessment": "2026-06-26",
        "damage:event": "2026 Venezuelan earthquake",
        "name": "U.E. José María España",
        "source:damage": "Vantor"
      },
      "geometry": {
        "type": "Polygon",
        "coordinates": [
          [
            [
              -66.8991957,
              10.605819
            ],
            [
              -66.899221,
              10.6054791
            ],
            [
              -66.8990153,
              10.6054644
            ],
            [
              -66.89899,
              10.6058043
            ],
            [
              -66.8991957,
              10.605819
            ]
          ]
        ]
      },
      "id": "way/337991131"
    },
    {
      "type": "Feature",
      "properties": {
        "@id": "way/376096636",
        "leisure": "park",
        "name": "Plaza El Cónsul"
      },
      "geometry": {
        "type": "Polygon",
        "coordinates": [
          [
            [
              -66.9474114,
              10.5973633
            ],
            [
              -66.9473041,
              10.5974213
            ],
            [
              -66.9472666,
              10.5974582
            ],
            [
              -66.9472398,
              10.597503
            ],
            [
              -66.9472237,
              10.5975478
            ],
            [
              -66.9472344,
              10.5976006
            ],
            [
              -66.9472532,
              10.597619
            ],
            [
              -66.9472892,
              10.5976475
            ],
            [
              -66.9473375,
              10.5976501
            ],
            [
              -66.9479745,
              10.597619
            ],
            [
              -66.9480657,
              10.5975927
            ],
            [
              -66.9481194,
              10.5975663
            ],
            [
              -66.9481449,
              10.5975341
            ],
            [
              -66.9481395,
              10.5973496
            ],
            [
              -66.9481167,
              10.5973238
            ],
            [
              -66.9480577,
              10.5972684
            ],
            [
              -66.9479318,
              10.5972157
            ],
            [
              -66.9478513,
              10.5972077
            ],
            [
              -66.9477923,
              10.597213
            ],
            [
              -66.9474114,
              10.5973633
            ]
          ]
        ]
      },
      "id": "way/376096636"
    },
    {
      "type": "Feature",
      "properties": {
        "@id": "way/378715452",
        "leisure": "park",
        "name": "Plaza Las Palomas"
      },
      "geometry": {
        "type": "Polygon",
        "coordinates": [
          [
            [
              -66.8967794,
              10.6052935
            ],
            [
              -66.8961732,
              10.6052619
            ],
            [
              -66.8961777,
              10.6061815
            ],
            [
              -66.8965318,
              10.606192
            ],
            [
              -66.8965992,
              10.6059472
            ],
            [
              -66.8967794,
              10.6052935
            ]
          ]
        ]
      },
      "id": "way/378715452"
    },
    {
      "type": "Feature",
      "properties": {
        "@id": "way/398272806",
        "amenity": "hospital",
        "healthcare": "hospital",
        "name": "Módulo"
      },
      "geometry": {
        "type": "Polygon",
        "coordinates": [
          [
            [
              -66.949096,
              10.5987031
            ],
            [
              -66.9491094,
              10.5983525
            ],
            [
              -66.9486561,
              10.5983446
            ],
            [
              -66.9486239,
              10.5988244
            ],
            [
              -66.949096,
              10.5987031
            ]
          ]
        ]
      },
      "id": "way/398272806"
    },
    {
      "type": "Feature",
      "properties": {
        "@id": "way/398286158",
        "alt_name": "Sanidad de Vargas",
        "amenity": "hospital",
        "building": "hospital",
        "emergency": "no",
        "healthcare": "hospital",
        "name": "Ambulatorio La Guaira \"La Sanidad\""
      },
      "geometry": {
        "type": "Polygon",
        "coordinates": [
          [
            [
              -66.9309078,
              10.6020764
            ],
            [
              -66.9309551,
              10.6018922
            ],
            [
              -66.9304078,
              10.6017559
            ],
            [
              -66.9303655,
              10.6019328
            ],
            [
              -66.9309078,
              10.6020764
            ]
          ]
        ]
      },
      "id": "way/398286158"
    },
    {
      "type": "Feature",
      "properties": {
        "@id": "way/398449404",
        "addr:city": "Caraballeda",
        "leisure": "park",
        "name": "Plaza Bolívar"
      },
      "geometry": {
        "type": "Polygon",
        "coordinates": [
          [
            [
              -66.8469023,
              10.6089419
            ],
            [
              -66.8469035,
              10.6087473
            ],
            [
              -66.8466258,
              10.6087456
            ],
            [
              -66.8466246,
              10.6089403
            ],
            [
              -66.8469023,
              10.6089419
            ]
          ]
        ]
      },
      "id": "way/398449404"
    },
    {
      "type": "Feature",
      "properties": {
        "@id": "way/401890900",
        "amenity": "hospital",
        "emergency": "no",
        "healthcare": "hospital",
        "name": "Centro Integral de Salud",
        "operator": "Alcaldia del Municipio Vargas",
        "operator:type": "public"
      },
      "geometry": {
        "type": "Polygon",
        "coordinates": [
          [
            [
              -66.8858897,
              10.609476
            ],
            [
              -66.8858884,
              10.6092985
            ],
            [
              -66.8848589,
              10.6093264
            ],
            [
              -66.8848326,
              10.6095177
            ],
            [
              -66.8858897,
              10.609476
            ]
          ]
        ]
      },
      "id": "way/401890900"
    },
    {
      "type": "Feature",
      "properties": {
        "@id": "way/416821307",
        "addr:city": "Maiquetía",
        "amenity": "school",
        "name": "U.E. República de El Salvador"
      },
      "geometry": {
        "type": "Polygon",
        "coordinates": [
          [
            [
              -66.9510023,
              10.5965564
            ],
            [
              -66.9510694,
              10.5961715
            ],
            [
              -66.950781,
              10.5961582
            ],
            [
              -66.9508065,
              10.5959975
            ],
            [
              -66.9501226,
              10.5959158
            ],
            [
              -66.9500904,
              10.5963692
            ],
            [
              -66.9510023,
              10.5965564
            ]
          ]
        ]
      },
      "id": "way/416821307"
    },
    {
      "type": "Feature",
      "properties": {
        "@id": "way/419130764",
        "addr:city": "Macuto",
        "addr:street": "Calle San Bartolomé",
        "alt_name": "Maternidad de Macuto",
        "amenity": "hospital",
        "building": "hospital",
        "building:levels": "2",
        "emergency": "yes",
        "healthcare": "hospital",
        "healthcare:speciality": "mother_child",
        "name": "Hospital Materno Infantil Ana Teresa de Jesús Ponce",
        "operator": "Gobernación de Vargas",
        "operator:type": "public"
      },
      "geometry": {
        "type": "Polygon",
        "coordinates": [
          [
            [
              -66.8915524,
              10.6057214
            ],
            [
              -66.8913071,
              10.6058272
            ],
            [
              -66.8914348,
              10.6061132
            ],
            [
              -66.890942,
              10.6063259
            ],
            [
              -66.8910012,
              10.6064584
            ],
            [
              -66.8911144,
              10.6064095
            ],
            [
              -66.8914529,
              10.6062634
            ],
            [
              -66.8916637,
              10.6061725
            ],
            [
              -66.8916274,
              10.6060913
            ],
            [
              -66.8915404,
              10.6058964
            ],
            [
              -66.891616,
              10.6058638
            ],
            [
              -66.8915524,
              10.6057214
            ]
          ]
        ]
      },
      "id": "way/419130764"
    },
    {
      "type": "Feature",
      "properties": {
        "@id": "way/432826467",
        "amenity": "hospital",
        "emergency": "no",
        "healthcare": "hospital",
        "name": "Hospital Dermatológico Martín Vegas",
        "short_name": "Hospital Martín Vegas"
      },
      "geometry": {
        "type": "Polygon",
        "coordinates": [
          [
            [
              -67.0170575,
              10.587282
            ],
            [
              -67.0165538,
              10.5874534
            ],
            [
              -67.0165313,
              10.5874056
            ],
            [
              -67.0161053,
              10.5875111
            ],
            [
              -67.0157401,
              10.5875867
            ],
            [
              -67.0156466,
              10.5876012
            ],
            [
              -67.0156458,
              10.588008
            ],
            [
              -67.0156378,
              10.5880719
            ],
            [
              -67.015617,
              10.5881235
            ],
            [
              -67.0155801,
              10.5881863
            ],
            [
              -67.0155278,
              10.5882671
            ],
            [
              -67.015948,
              10.588899
            ],
            [
              -67.0165396,
              10.588835
            ],
            [
              -67.0172318,
              10.5885452
            ],
            [
              -67.0173295,
              10.5883584
            ],
            [
              -67.0174436,
              10.5882532
            ],
            [
              -67.0174135,
              10.5882076
            ],
            [
              -67.0173356,
              10.588191
            ],
            [
              -67.0171681,
              10.5881862
            ],
            [
              -67.0171646,
              10.5881247
            ],
            [
              -67.0171616,
              10.5880725
            ],
            [
              -67.0173086,
              10.5880484
            ],
            [
              -67.0173269,
              10.5880173
            ],
            [
              -67.0172576,
              10.5877613
            ],
            [
              -67.0170575,
              10.587282
            ]
          ]
        ]
      },
      "id": "way/432826467"
    },
    {
      "type": "Feature",
      "properties": {
        "@id": "way/438165291",
        "leisure": "park"
      },
      "geometry": {
        "type": "Polygon",
        "coordinates": [
          [
            [
              -67.0158852,
              10.5943617
            ],
            [
              -67.0159375,
              10.5941824
            ],
            [
              -67.0157806,
              10.5941811
            ],
            [
              -67.0158852,
              10.5943617
            ]
          ]
        ]
      },
      "id": "way/438165291"
    },
    {
      "type": "Feature",
      "properties": {
        "@id": "way/438166530",
        "addr:city": "Guaracarumbo",
        "amenity": "school",
        "name": "Liceo Armando Reverón"
      },
      "geometry": {
        "type": "Polygon",
        "coordinates": [
          [
            [
              -67.0153165,
              10.5938638
            ],
            [
              -67.0153231,
              10.5934578
            ],
            [
              -67.01483,
              10.5934347
            ],
            [
              -67.0144859,
              10.5939116
            ],
            [
              -67.0144793,
              10.5941353
            ],
            [
              -67.0153165,
              10.5938638
            ]
          ]
        ]
      },
      "id": "way/438166530"
    },
    {
      "type": "Feature",
      "properties": {
        "@id": "way/488492064",
        "addr:city": "La Guaira",
        "addr:postcode": "1162",
        "addr:street": "Av. Carlos Soublette",
        "internet_access": "wlan",
        "internet_access:fee": "no",
        "internet_access:operator": "CANTV WiFi Para Todos",
        "leisure": "park",
        "name": "Plaza Bolívar",
        "note": "Servicio Wifi para todos gratis"
      },
      "geometry": {
        "type": "Polygon",
        "coordinates": [
          [
            [
              -66.9320329,
              10.602868
            ],
            [
              -66.9318827,
              10.602872
            ],
            [
              -66.9318813,
              10.60293
            ],
            [
              -66.9316198,
              10.60293
            ],
            [
              -66.9316198,
              10.6028707
            ],
            [
              -66.9315031,
              10.6028628
            ],
            [
              -66.9313395,
              10.6027915
            ],
            [
              -66.931007,
              10.6026544
            ],
            [
              -66.930213,
              10.6023541
            ],
            [
              -66.9298536,
              10.6022381
            ],
            [
              -66.9295049,
              10.6021801
            ],
            [
              -66.9288236,
              10.6020799
            ],
            [
              -66.9287217,
              10.6027651
            ],
            [
              -66.9296221,
              10.6029818
            ],
            [
              -66.9299547,
              10.603082
            ],
            [
              -66.9299878,
              10.6032713
            ],
            [
              -66.9313073,
              10.6036761
            ],
            [
              -66.932222,
              10.6033096
            ],
            [
              -66.9320329,
              10.602868
            ]
          ]
        ]
      },
      "id": "way/488492064"
    },
    {
      "type": "Feature",
      "properties": {
        "@id": "way/503357997",
        "amenity": "school",
        "name": "E.B. Dr. Rafael Vegas"
      },
      "geometry": {
        "type": "Polygon",
        "coordinates": [
          [
            [
              -67.0369329,
              10.586294
            ],
            [
              -67.0365386,
              10.5858023
            ],
            [
              -67.0363958,
              10.5856817
            ],
            [
              -67.036259,
              10.5858162
            ],
            [
              -67.0365198,
              10.5860613
            ],
            [
              -67.036843,
              10.5863718
            ],
            [
              -67.0369329,
              10.586294
            ]
          ]
        ]
      },
      "id": "way/503357997"
    },
    {
      "type": "Feature",
      "properties": {
        "@id": "way/503410620",
        "addr:city": "Catia La Mar",
        "addr:country": "VE",
        "addr:place": "Ciudad Chávez",
        "addr:state": "Vargas",
        "amenity": "school",
        "building": "yes",
        "building:levels": "2",
        "name": "IEE Urimare"
      },
      "geometry": {
        "type": "Polygon",
        "coordinates": [
          [
            [
              -67.0220538,
              10.6065076
            ],
            [
              -67.022052,
              10.6063468
            ],
            [
              -67.0217081,
              10.6063505
            ],
            [
              -67.0217099,
              10.6065112
            ],
            [
              -67.0220538,
              10.6065076
            ]
          ]
        ]
      },
      "id": "way/503410620"
    },
    {
      "type": "Feature",
      "properties": {
        "@id": "way/503410622",
        "addr:city": "Catia La Mar",
        "addr:country": "VE",
        "addr:place": "Ciudad Chávez",
        "addr:state": "VA",
        "amenity": "school",
        "building": "school",
        "building:levels": "3",
        "name": "Escuela Básica Willian Lara"
      },
      "geometry": {
        "type": "Polygon",
        "coordinates": [
          [
            [
              -67.0220325,
              10.6069112
            ],
            [
              -67.0218493,
              10.606911
            ],
            [
              -67.0217341,
              10.6069108
            ],
            [
              -67.0217338,
              10.6071006
            ],
            [
              -67.0220322,
              10.607101
            ],
            [
              -67.0220323,
              10.6070652
            ],
            [
              -67.0220678,
              10.6070652
            ],
            [
              -67.022068,
              10.6069901
            ],
            [
              -67.0220324,
              10.6069901
            ],
            [
              -67.0220325,
              10.6069112
            ]
          ]
        ]
      },
      "id": "way/503410622"
    },
    {
      "type": "Feature",
      "properties": {
        "@id": "way/503435424",
        "leisure": "park",
        "name": "Plaza Los Maestros"
      },
      "geometry": {
        "type": "Polygon",
        "coordinates": [
          [
            [
              -66.9500318,
              10.5963508
            ],
            [
              -66.9500935,
              10.5955994
            ],
            [
              -66.9491347,
              10.5963151
            ],
            [
              -66.9500318,
              10.5963508
            ]
          ]
        ]
      },
      "id": "way/503435424"
    },
    {
      "type": "Feature",
      "properties": {
        "@id": "way/503458024",
        "addr:city": "La Guaira",
        "addr:postcode": "1161",
        "addr:street": "Av. Soublette",
        "amenity": "school",
        "name": "Escuela Miguel Suniaga"
      },
      "geometry": {
        "type": "Polygon",
        "coordinates": [
          [
            [
              -66.9643816,
              10.5996173
            ],
            [
              -66.9635341,
              10.5993906
            ],
            [
              -66.9633302,
              10.5995013
            ],
            [
              -66.963062,
              10.6002343
            ],
            [
              -66.9633088,
              10.6003107
            ],
            [
              -66.9640517,
              10.6005375
            ],
            [
              -66.9643816,
              10.5996173
            ]
          ]
        ]
      },
      "id": "way/503458024"
    },
    {
      "type": "Feature",
      "properties": {
        "@id": "way/503477294",
        "leisure": "park",
        "name": "Plaza José María Vargas"
      },
      "geometry": {
        "type": "Polygon",
        "coordinates": [
          [
            [
              -66.9339278,
              10.6013917
            ],
            [
              -66.9340191,
              10.6010706
            ],
            [
              -66.9336502,
              10.6010074
            ],
            [
              -66.9335697,
              10.6011768
            ],
            [
              -66.9339278,
              10.6013917
            ]
          ]
        ]
      },
      "id": "way/503477294"
    },
    {
      "type": "Feature",
      "properties": {
        "@id": "way/503482512",
        "amenity": "school",
        "name": "Colegio Madre Emilia"
      },
      "geometry": {
        "type": "Polygon",
        "coordinates": [
          [
            [
              -66.9549767,
              10.5922984
            ],
            [
              -66.9545223,
              10.5921844
            ],
            [
              -66.9543681,
              10.5930013
            ],
            [
              -66.9547581,
              10.5931403
            ],
            [
              -66.9549767,
              10.5922984
            ]
          ]
        ]
      },
      "id": "way/503482512"
    },
    {
      "type": "Feature",
      "properties": {
        "@id": "way/503483457",
        "leisure": "park"
      },
      "geometry": {
        "type": "Polygon",
        "coordinates": [
          [
            [
              -66.9554392,
              10.5914653
            ],
            [
              -66.9553185,
              10.5916051
            ],
            [
              -66.9552501,
              10.5917448
            ],
            [
              -66.9554298,
              10.5917343
            ],
            [
              -66.9554968,
              10.5916736
            ],
            [
              -66.9555987,
              10.5915392
            ],
            [
              -66.9554392,
              10.5914653
            ]
          ]
        ]
      },
      "id": "way/503483457"
    },
    {
      "type": "Feature",
      "properties": {
        "@id": "way/516487422",
        "amenity": "school",
        "name": "UEE La Guaira"
      },
      "geometry": {
        "type": "Polygon",
        "coordinates": [
          [
            [
              -66.9312627,
              10.6010497
            ],
            [
              -66.9312153,
              10.6008433
            ],
            [
              -66.9312486,
              10.6008359
            ],
            [
              -66.9312068,
              10.6006538
            ],
            [
              -66.9309731,
              10.6007057
            ],
            [
              -66.9309991,
              10.600819
            ],
            [
              -66.9308559,
              10.6008507
            ],
            [
              -66.9308834,
              10.6009704
            ],
            [
              -66.9308224,
              10.600984
            ],
            [
              -66.9308582,
              10.6011395
            ],
            [
              -66.9312627,
              10.6010497
            ]
          ]
        ]
      },
      "id": "way/516487422"
    },
    {
      "type": "Feature",
      "properties": {
        "@id": "way/525277496",
        "amenity": "school",
        "name": "Escuela Técnica Prof. Carlos Fiol"
      },
      "geometry": {
        "type": "Polygon",
        "coordinates": [
          [
            [
              -67.0430731,
              10.5954891
            ],
            [
              -67.0425892,
              10.5954912
            ],
            [
              -67.042006,
              10.5955851
            ],
            [
              -67.0418385,
              10.5957734
            ],
            [
              -67.0418572,
              10.5960871
            ],
            [
              -67.0418707,
              10.5965538
            ],
            [
              -67.0421147,
              10.5966065
            ],
            [
              -67.0423159,
              10.5965933
            ],
            [
              -67.0428282,
              10.5964246
            ],
            [
              -67.0429389,
              10.5964013
            ],
            [
              -67.0429563,
              10.5963347
            ],
            [
              -67.0429803,
              10.596086
            ],
            [
              -67.0430083,
              10.5958091
            ],
            [
              -67.0430731,
              10.5954891
            ]
          ]
        ]
      },
      "id": "way/525277496"
    },
    {
      "type": "Feature",
      "properties": {
        "@id": "way/572680300",
        "leisure": "park"
      },
      "geometry": {
        "type": "Polygon",
        "coordinates": [
          [
            [
              -67.0346204,
              10.6036283
            ],
            [
              -67.0346116,
              10.6031973
            ],
            [
              -67.0344479,
              10.6032006
            ],
            [
              -67.0344567,
              10.6036315
            ],
            [
              -67.0346204,
              10.6036283
            ]
          ]
        ]
      },
      "id": "way/572680300"
    },
    {
      "type": "Feature",
      "properties": {
        "@id": "way/579395889",
        "addr:city": "Catia La Mar",
        "addr:postcode": "1162",
        "addr:street": "Calle 4",
        "amenity": "school",
        "name": "Colegio San José"
      },
      "geometry": {
        "type": "Polygon",
        "coordinates": [
          [
            [
              -67.0333408,
              10.6058236
            ],
            [
              -67.0337062,
              10.6054192
            ],
            [
              -67.0334957,
              10.6052355
            ],
            [
              -67.0331304,
              10.6056399
            ],
            [
              -67.0333408,
              10.6058236
            ]
          ]
        ]
      },
      "id": "way/579395889"
    },
    {
      "type": "Feature",
      "properties": {
        "@id": "way/605367998",
        "leisure": "park",
        "name": "Bosque Central Puerto Azul"
      },
      "geometry": {
        "type": "Polygon",
        "coordinates": [
          [
            [
              -66.7439235,
              10.6216481
            ],
            [
              -66.744213,
              10.6211227
            ],
            [
              -66.7444123,
              10.6211118
            ],
            [
              -66.7443761,
              10.6209599
            ],
            [
              -66.7443907,
              10.6207592
            ],
            [
              -66.7445567,
              10.6202179
            ],
            [
              -66.7446386,
              10.6200593
            ],
            [
              -66.7447187,
              10.6199043
            ],
            [
              -66.7448352,
              10.6196787
            ],
            [
              -66.7450434,
              10.6194988
            ],
            [
              -66.745037,
              10.6191134
            ],
            [
              -66.7447119,
              10.6190565
            ],
            [
              -66.7446718,
              10.6189996
            ],
            [
              -66.7441017,
              10.6189252
            ],
            [
              -66.7440349,
              10.6188989
            ],
            [
              -66.7440143,
              10.6188413
            ],
            [
              -66.7434453,
              10.6188243
            ],
            [
              -66.7433542,
              10.6189893
            ],
            [
              -66.7432835,
              10.6192181
            ],
            [
              -66.7436533,
              10.6195634
            ],
            [
              -66.7435839,
              10.6196313
            ],
            [
              -66.7424381,
              10.6207214
            ],
            [
              -66.7423113,
              10.6208457
            ],
            [
              -66.742405,
              10.6209331
            ],
            [
              -66.742583,
              10.6211176
            ],
            [
              -66.7426825,
              10.6212184
            ],
            [
              -66.7427096,
              10.6212807
            ],
            [
              -66.7427926,
              10.6212812
            ],
            [
              -66.7428653,
              10.6212848
            ],
            [
              -66.7429156,
              10.6212986
            ],
            [
              -66.7429329,
              10.6215033
            ],
            [
              -66.7429747,
              10.6217572
            ],
            [
              -66.7429922,
              10.6218193
            ],
            [
              -66.7430634,
              10.6218435
            ],
            [
              -66.7431475,
              10.6217806
            ],
            [
              -66.7430491,
              10.6215666
            ],
            [
              -66.7431543,
              10.6215842
            ],
            [
              -66.7432277,
              10.6215827
            ],
            [
              -66.7432581,
              10.6215429
            ],
            [
              -66.743252,
              10.6214901
            ],
            [
              -66.7432238,
              10.6214486
            ],
            [
              -66.7431514,
              10.6214143
            ],
            [
              -66.7430979,
              10.6213511
            ],
            [
              -66.7431023,
              10.62127
            ],
            [
              -66.7431028,
              10.6212125
            ],
            [
              -66.7431673,
              10.6211888
            ],
            [
              -66.7431781,
              10.6211791
            ],
            [
              -66.7432186,
              10.6211428
            ],
            [
              -66.7431349,
              10.6210226
            ],
            [
              -66.7431399,
              10.6209319
            ],
            [
              -66.7432109,
              10.620882
            ],
            [
              -66.7433935,
              10.620882
            ],
            [
              -66.7434648,
              10.620917
            ],
            [
              -66.743438,
              10.6210352
            ],
            [
              -66.7439235,
              10.6216481
            ]
          ]
        ]
      },
      "id": "way/605367998"
    },
    {
      "type": "Feature",
      "properties": {
        "@id": "way/605368009",
        "leisure": "park",
        "name": "Bosque de Playa Océanica"
      },
      "geometry": {
        "type": "Polygon",
        "coordinates": [
          [
            [
              -66.7453523,
              10.6225759
            ],
            [
              -66.7453937,
              10.6224091
            ],
            [
              -66.744862,
              10.6219866
            ],
            [
              -66.7438626,
              10.6220792
            ],
            [
              -66.7442623,
              10.6224759
            ],
            [
              -66.7444584,
              10.622676
            ],
            [
              -66.7446583,
              10.6227872
            ],
            [
              -66.7449148,
              10.6227761
            ],
            [
              -66.7452203,
              10.622702
            ],
            [
              -66.7453523,
              10.6225759
            ]
          ]
        ]
      },
      "id": "way/605368009"
    },
    {
      "type": "Feature",
      "properties": {
        "@id": "way/729417320",
        "leisure": "park"
      },
      "geometry": {
        "type": "Polygon",
        "coordinates": [
          [
            [
              -66.57409,
              10.6273433
            ],
            [
              -66.5734613,
              10.627036
            ],
            [
              -66.5734591,
              10.6275402
            ],
            [
              -66.5735098,
              10.6280196
            ],
            [
              -66.5734889,
              10.6284258
            ],
            [
              -66.5736928,
              10.6285313
            ],
            [
              -66.5743043,
              10.6284733
            ],
            [
              -66.574594,
              10.628236
            ],
            [
              -66.5746429,
              10.6280437
            ],
            [
              -66.5746571,
              10.627988
            ],
            [
              -66.5746907,
              10.6278797
            ],
            [
              -66.5747353,
              10.6277361
            ],
            [
              -66.5747299,
              10.6274763
            ],
            [
              -66.5746446,
              10.6274359
            ],
            [
              -66.5744523,
              10.6274559
            ],
            [
              -66.574371,
              10.6274468
            ],
            [
              -66.5743174,
              10.6273814
            ],
            [
              -66.57409,
              10.6273433
            ]
          ]
        ]
      },
      "id": "way/729417320"
    },
    {
      "type": "Feature",
      "properties": {
        "@id": "way/731201322",
        "leisure": "park"
      },
      "geometry": {
        "type": "Polygon",
        "coordinates": [
          [
            [
              -66.572974,
              10.626711
            ],
            [
              -66.5728765,
              10.6263798
            ],
            [
              -66.5727902,
              10.6260978
            ],
            [
              -66.5725841,
              10.6258131
            ],
            [
              -66.5724448,
              10.6256434
            ],
            [
              -66.5723474,
              10.6255175
            ],
            [
              -66.5721635,
              10.6254354
            ],
            [
              -66.5721552,
              10.6254819
            ],
            [
              -66.5723028,
              10.6259281
            ],
            [
              -66.5723641,
              10.6260349
            ],
            [
              -66.572442,
              10.6263497
            ],
            [
              -66.5725228,
              10.6265905
            ],
            [
              -66.5725841,
              10.6266781
            ],
            [
              -66.5727317,
              10.6267055
            ],
            [
              -66.572974,
              10.626711
            ]
          ]
        ]
      },
      "id": "way/731201322"
    },
    {
      "type": "Feature",
      "properties": {
        "@id": "way/759703326",
        "amenity": "hospital",
        "building": "hospital",
        "name": "CDI"
      },
      "geometry": {
        "type": "Polygon",
        "coordinates": [
          [
            [
              -67.0352715,
              10.5341251
            ],
            [
              -67.0351591,
              10.5339675
            ],
            [
              -67.0349141,
              10.5341364
            ],
            [
              -67.0348779,
              10.5340856
            ],
            [
              -67.0347483,
              10.5341749
            ],
            [
              -67.0348869,
              10.5343692
            ],
            [
              -67.0350712,
              10.5342422
            ],
            [
              -67.0350812,
              10.5342562
            ],
            [
              -67.0352715,
              10.5341251
            ]
          ]
        ]
      },
      "id": "way/759703326"
    },
    {
      "type": "Feature",
      "properties": {
        "@id": "way/783746299",
        "alt_name": "Parque Marino de Macuto",
        "leisure": "park",
        "name": "Parque Temático de Macuto \"Armando Reverón\""
      },
      "geometry": {
        "type": "Polygon",
        "coordinates": [
          [
            [
              -66.9029737,
              10.6051409
            ],
            [
              -66.9031619,
              10.6051081
            ],
            [
              -66.9029486,
              10.6043073
            ],
            [
              -66.9021317,
              10.6046123
            ],
            [
              -66.9019817,
              10.6046727
            ],
            [
              -66.9014592,
              10.6049888
            ],
            [
              -66.9012676,
              10.6051215
            ],
            [
              -66.9012133,
              10.6051888
            ],
            [
              -66.9013796,
              10.605535
            ],
            [
              -66.9020732,
              10.605342
            ],
            [
              -66.9023248,
              10.60525
            ],
            [
              -66.9025191,
              10.605196
            ],
            [
              -66.9029737,
              10.6051409
            ]
          ]
        ]
      },
      "id": "way/783746299"
    },
    {
      "type": "Feature",
      "properties": {
        "@id": "way/784038827",
        "addr:city": "Catia La Mar",
        "addr:postcode": "1162",
        "addr:street": "Av. Soublette",
        "leisure": "park",
        "name": "Parque General Carlos Soublette"
      },
      "geometry": {
        "type": "Polygon",
        "coordinates": [
          [
            [
              -66.9764972,
              10.5990848
            ],
            [
              -66.9769558,
              10.5989187
            ],
            [
              -66.9769397,
              10.5987209
            ],
            [
              -66.9768325,
              10.5986577
            ],
            [
              -66.9766286,
              10.5986919
            ],
            [
              -66.9764569,
              10.5986867
            ],
            [
              -66.9763845,
              10.5985918
            ],
            [
              -66.9763309,
              10.5984731
            ],
            [
              -66.9762209,
              10.5983413
            ],
            [
              -66.9761565,
              10.5983729
            ],
            [
              -66.9760332,
              10.5981304
            ],
            [
              -66.9757301,
              10.5985417
            ],
            [
              -66.975368,
              10.5990057
            ],
            [
              -66.9751668,
              10.5993511
            ],
            [
              -66.9751802,
              10.5994143
            ],
            [
              -66.9752124,
              10.599475
            ],
            [
              -66.9752634,
              10.5995224
            ],
            [
              -66.9753465,
              10.5995646
            ],
            [
              -66.9764972,
              10.5990848
            ]
          ]
        ]
      },
      "id": "way/784038827"
    },
    {
      "type": "Feature",
      "properties": {
        "@id": "way/822277506",
        "description": "Parque para niños de la comunidad",
        "leisure": "park",
        "name": "Parque Infantil La Lucha",
        "opening_hours": "Mo-Sa 08:00-20:00",
        "opening_hours:covid19": "Mo-Sa 09:00-19:00"
      },
      "geometry": {
        "type": "Polygon",
        "coordinates": [
          [
            [
              -67.0196511,
              10.602973
            ],
            [
              -67.019637,
              10.6029191
            ],
            [
              -67.0194064,
              10.6029775
            ],
            [
              -67.0194206,
              10.6030314
            ],
            [
              -67.0196511,
              10.602973
            ]
          ]
        ]
      },
      "id": "way/822277506"
    },
    {
      "type": "Feature",
      "properties": {
        "@id": "way/822279027",
        "leisure": "park",
        "name": "Parque del Estadio César Nieves"
      },
      "geometry": {
        "type": "Polygon",
        "coordinates": [
          [
            [
              -67.0236713,
              10.6030463
            ],
            [
              -67.0239548,
              10.6031831
            ],
            [
              -67.0243204,
              10.6020999
            ],
            [
              -67.0242694,
              10.6018935
            ],
            [
              -67.0237813,
              10.601772
            ],
            [
              -67.0239136,
              10.6019448
            ],
            [
              -67.023977,
              10.6020505
            ],
            [
              -67.0236713,
              10.6030463
            ]
          ]
        ]
      },
      "id": "way/822279027"
    },
    {
      "type": "Feature",
      "properties": {
        "@id": "way/953618339",
        "leisure": "park",
        "name": "Plaza Jerusalén"
      },
      "geometry": {
        "type": "Polygon",
        "coordinates": [
          [
            [
              -66.9524619,
              10.5962664
            ],
            [
              -66.9525115,
              10.5957879
            ],
            [
              -66.9521508,
              10.5957325
            ],
            [
              -66.9520904,
              10.5962282
            ],
            [
              -66.9524619,
              10.5962664
            ]
          ]
        ]
      },
      "id": "way/953618339"
    },
    {
      "type": "Feature",
      "properties": {
        "@id": "way/953861453",
        "addr:city": "Maiquetía",
        "leisure": "park",
        "name": "Plaza Lourdes"
      },
      "geometry": {
        "type": "Polygon",
        "coordinates": [
          [
            [
              -66.9524846,
              10.5957305
            ],
            [
              -66.952586,
              10.5946134
            ],
            [
              -66.9522797,
              10.5945674
            ],
            [
              -66.9521827,
              10.5954947
            ],
            [
              -66.9521635,
              10.5956738
            ],
            [
              -66.9524846,
              10.5957305
            ]
          ]
        ]
      },
      "id": "way/953861453"
    },
    {
      "type": "Feature",
      "properties": {
        "@id": "way/953861530",
        "addr:city": "La Guaira",
        "addr:country": "VE",
        "addr:postcode": "1165",
        "addr:state": "VA",
        "addr:street": "Avenida La Playa",
        "addr:suburb": "Caraballeda",
        "leisure": "park"
      },
      "geometry": {
        "type": "Polygon",
        "coordinates": [
          [
            [
              -66.8481123,
              10.6183855
            ],
            [
              -66.847835,
              10.6184509
            ],
            [
              -66.8479887,
              10.6190404
            ],
            [
              -66.8480159,
              10.6191796
            ],
            [
              -66.8479151,
              10.6193251
            ],
            [
              -66.8481949,
              10.6192755
            ],
            [
              -66.8484187,
              10.6192081
            ],
            [
              -66.8483373,
              10.6191577
            ],
            [
              -66.8482568,
              10.6190756
            ],
            [
              -66.8482246,
              10.6189796
            ],
            [
              -66.8481123,
              10.6183855
            ]
          ]
        ]
      },
      "id": "way/953861530"
    },
    {
      "type": "Feature",
      "properties": {
        "@id": "way/962953818",
        "addr:city": "Tarmas",
        "leisure": "park",
        "name": "Plaza Bolívar"
      },
      "geometry": {
        "type": "Polygon",
        "coordinates": [
          [
            [
              -67.1408817,
              10.5395006
            ],
            [
              -67.1408737,
              10.539258
            ],
            [
              -67.1406913,
              10.5392369
            ],
            [
              -67.140694,
              10.5394979
            ],
            [
              -67.1408817,
              10.5395006
            ]
          ]
        ]
      },
      "id": "way/962953818"
    },
    {
      "type": "Feature",
      "properties": {
        "@id": "way/1178757435",
        "leisure": "park"
      },
      "geometry": {
        "type": "Polygon",
        "coordinates": [
          [
            [
              -66.9786644,
              10.5968316
            ],
            [
              -66.9787311,
              10.5967742
            ],
            [
              -66.9787882,
              10.5966703
            ],
            [
              -66.9788201,
              10.5965773
            ],
            [
              -66.9788007,
              10.5964707
            ],
            [
              -66.9787145,
              10.5963709
            ],
            [
              -66.9786324,
              10.5963122
            ],
            [
              -66.9784391,
              10.5962411
            ],
            [
              -66.9783195,
              10.5962534
            ],
            [
              -66.9782305,
              10.5962944
            ],
            [
              -66.9781679,
              10.5963696
            ],
            [
              -66.9781262,
              10.5964981
            ],
            [
              -66.9781193,
              10.5966115
            ],
            [
              -66.9781679,
              10.5967386
            ],
            [
              -66.978371,
              10.5972553
            ],
            [
              -66.9784947,
              10.5974986
            ],
            [
              -66.978606,
              10.5976353
            ],
            [
              -66.9786964,
              10.5976955
            ],
            [
              -66.9788243,
              10.5977174
            ],
            [
              -66.9789662,
              10.5976736
            ],
            [
              -66.979051,
              10.5976039
            ],
            [
              -66.9791469,
              10.5974522
            ],
            [
              -66.9791956,
              10.5972977
            ],
            [
              -66.9791942,
              10.597202
            ],
            [
              -66.9791386,
              10.5970954
            ],
            [
              -66.9790524,
              10.5970243
            ],
            [
              -66.9789787,
              10.5969984
            ],
            [
              -66.9788994,
              10.5969943
            ],
            [
              -66.9788327,
              10.5970079
            ],
            [
              -66.978663,
              10.5970489
            ],
            [
              -66.9784405,
              10.5971473
            ],
            [
              -66.9783543,
              10.5969546
            ],
            [
              -66.9786644,
              10.5968316
            ]
          ]
        ]
      },
      "id": "way/1178757435"
    },
    {
      "type": "Feature",
      "properties": {
        "@id": "way/1178757436",
        "leisure": "park"
      },
      "geometry": {
        "type": "Polygon",
        "coordinates": [
          [
            [
              -66.978251,
              10.5974319
            ],
            [
              -66.9779835,
              10.5967953
            ],
            [
              -66.9778377,
              10.5966357
            ],
            [
              -66.9776827,
              10.5965613
            ],
            [
              -66.9775259,
              10.5965813
            ],
            [
              -66.9773838,
              10.5966375
            ],
            [
              -66.9773063,
              10.5967681
            ],
            [
              -66.9772325,
              10.5969386
            ],
            [
              -66.9772381,
              10.5970492
            ],
            [
              -66.9772713,
              10.5971254
            ],
            [
              -66.9773506,
              10.5971943
            ],
            [
              -66.9774318,
              10.5972378
            ],
            [
              -66.9775204,
              10.5972596
            ],
            [
              -66.9780038,
              10.5971054
            ],
            [
              -66.9780924,
              10.5973031
            ],
            [
              -66.9778709,
              10.5973793
            ],
            [
              -66.9777159,
              10.5974754
            ],
            [
              -66.9776587,
              10.5975842
            ],
            [
              -66.9776495,
              10.5977094
            ],
            [
              -66.9776754,
              10.5977946
            ],
            [
              -66.9777436,
              10.5978708
            ],
            [
              -66.9778746,
              10.5979415
            ],
            [
              -66.9780038,
              10.5979742
            ],
            [
              -66.9780573,
              10.5979597
            ],
            [
              -66.9781625,
              10.5979415
            ],
            [
              -66.9782271,
              10.5978871
            ],
            [
              -66.9782695,
              10.5978327
            ],
            [
              -66.9782972,
              10.5977384
            ],
            [
              -66.9782972,
              10.5976006
            ],
            [
              -66.978251,
              10.5974319
            ]
          ]
        ]
      },
      "id": "way/1178757436"
    },
    {
      "type": "Feature",
      "properties": {
        "@id": "way/1181211995",
        "leisure": "park",
        "name": "Consejo Comunal “Manos Amigas De Álamo”"
      },
      "geometry": {
        "type": "Polygon",
        "coordinates": [
          [
            [
              -66.9031361,
              10.6027525
            ],
            [
              -66.9030207,
              10.6023109
            ],
            [
              -66.9026905,
              10.6024439
            ],
            [
              -66.9028619,
              10.6028465
            ],
            [
              -66.9031361,
              10.6027525
            ]
          ]
        ]
      },
      "id": "way/1181211995"
    },
    {
      "type": "Feature",
      "properties": {
        "@id": "way/1192798331",
        "amenity": "school",
        "grades": "0-6",
        "name": "Unidad Educativa Inicial Aeropuerto Simon Bolivar"
      },
      "geometry": {
        "type": "Polygon",
        "coordinates": [
          [
            [
              -66.9836452,
              10.5984307
            ],
            [
              -66.9838436,
              10.5984003
            ],
            [
              -66.9839077,
              10.5983904
            ],
            [
              -66.983949,
              10.5983841
            ],
            [
              -66.9840912,
              10.5983756
            ],
            [
              -66.9844208,
              10.5984095
            ],
            [
              -66.9845544,
              10.5984243
            ],
            [
              -66.9846492,
              10.5984138
            ],
            [
              -66.984757,
              10.5983523
            ],
            [
              -66.9848259,
              10.5982803
            ],
            [
              -66.9848884,
              10.5981723
            ],
            [
              -66.9849142,
              10.5980453
            ],
            [
              -66.9848884,
              10.5978949
            ],
            [
              -66.9848302,
              10.5978271
            ],
            [
              -66.9846988,
              10.5977742
            ],
            [
              -66.9845092,
              10.5978102
            ],
            [
              -66.9841688,
              10.5978822
            ],
            [
              -66.9838994,
              10.5979457
            ],
            [
              -66.9838134,
              10.5979615
            ],
            [
              -66.9835073,
              10.5980177
            ],
            [
              -66.9835138,
              10.5980368
            ],
            [
              -66.9836452,
              10.5984307
            ]
          ]
        ]
      },
      "id": "way/1192798331"
    },
    {
      "type": "Feature",
      "properties": {
        "@id": "way/1265642985",
        "amenity": "hospital",
        "healthcare": "hospital",
        "name": "Hospital de Anare"
      },
      "geometry": {
        "type": "Polygon",
        "coordinates": [
          [
            [
              -66.6527361,
              10.6229338
            ],
            [
              -66.65264,
              10.6228756
            ],
            [
              -66.6525139,
              10.6228917
            ],
            [
              -66.6522962,
              10.62298
            ],
            [
              -66.652406,
              10.6232213
            ],
            [
              -66.6527672,
              10.6230704
            ],
            [
              -66.6527361,
              10.6229338
            ]
          ]
        ]
      },
      "id": "way/1265642985"
    },
    {
      "type": "Feature",
      "properties": {
        "@id": "way/1320095571",
        "amenity": "school",
        "name": "Escuela básica Francisco Fajardo"
      },
      "geometry": {
        "type": "Polygon",
        "coordinates": [
          [
            [
              -66.8975091,
              10.6058265
            ],
            [
              -66.8975434,
              10.6053538
            ],
            [
              -66.8971348,
              10.6053272
            ],
            [
              -66.8970633,
              10.6055416
            ],
            [
              -66.8970525,
              10.6057921
            ],
            [
              -66.8975091,
              10.6058265
            ]
          ]
        ]
      },
      "id": "way/1320095571"
    },
    {
      "type": "Feature",
      "properties": {
        "@id": "way/1359369187",
        "leisure": "park",
        "name": "Parque Andrés Eloy Blanco"
      },
      "geometry": {
        "type": "Polygon",
        "coordinates": [
          [
            [
              -66.3832755,
              10.6195474
            ],
            [
              -66.3835931,
              10.6196981
            ],
            [
              -66.3836887,
              10.6195605
            ],
            [
              -66.3837131,
              10.6194404
            ],
            [
              -66.3837531,
              10.6193444
            ],
            [
              -66.3835132,
              10.6192287
            ],
            [
              -66.3834332,
              10.6191981
            ],
            [
              -66.3832755,
              10.6195474
            ]
          ]
        ]
      },
      "id": "way/1359369187"
    },
    {
      "type": "Feature",
      "properties": {
        "@id": "way/1431226484",
        "leisure": "park",
        "name": "Plaza la Charneca"
      },
      "geometry": {
        "type": "Polygon",
        "coordinates": [
          [
            [
              -67.093111,
              10.5767412
            ],
            [
              -67.0933907,
              10.5768739
            ],
            [
              -67.0934834,
              10.5766773
            ],
            [
              -67.0931988,
              10.5765398
            ],
            [
              -67.093111,
              10.5767412
            ]
          ]
        ]
      },
      "id": "way/1431226484"
    },
    {
      "type": "Feature",
      "properties": {
        "@id": "way/1431226485",
        "leisure": "park",
        "name": "Plaza La Charneca 2"
      },
      "geometry": {
        "type": "Polygon",
        "coordinates": [
          [
            [
              -67.0939192,
              10.5763352
            ],
            [
              -67.0940136,
              10.5761306
            ],
            [
              -67.0938363,
              10.5760283
            ],
            [
              -67.0937322,
              10.5762441
            ],
            [
              -67.0939192,
              10.5763352
            ]
          ]
        ]
      },
      "id": "way/1431226485"
    },
    {
      "type": "Feature",
      "properties": {
        "@id": "way/1431226486",
        "leisure": "park",
        "name": "Plaza Interna"
      },
      "geometry": {
        "type": "Polygon",
        "coordinates": [
          [
            [
              -67.0935414,
              10.577052
            ],
            [
              -67.0934324,
              10.5769838
            ],
            [
              -67.093322,
              10.5771647
            ],
            [
              -67.0935414,
              10.577052
            ]
          ]
        ]
      },
      "id": "way/1431226486"
    },
    {
      "type": "Feature",
      "properties": {
        "@id": "way/1532488110",
        "leisure": "park"
      },
      "geometry": {
        "type": "Polygon",
        "coordinates": [
          [
            [
              -66.9258565,
              10.6018489
            ],
            [
              -66.9258013,
              10.6016739
            ],
            [
              -66.9255413,
              10.6017506
            ],
            [
              -66.9255919,
              10.6019225
            ],
            [
              -66.9258565,
              10.6018489
            ]
          ]
        ]
      },
      "id": "way/1532488110"
    },
    {
      "type": "Feature",
      "properties": {
        "@id": "way/1532997797",
        "addr:city": "Macuto",
        "addr:postcode": "1164",
        "addr:street": "Avenida Álamo",
        "amenity": "hospital",
        "building": "yes",
        "healthcare": "hospital",
        "healthcare:speciality": "emergency;general",
        "name": "Centro Medico Siempre 2000"
      },
      "geometry": {
        "type": "Polygon",
        "coordinates": [
          [
            [
              -66.9008822,
              10.6034056
            ],
            [
              -66.9007556,
              10.6029322
            ],
            [
              -66.9006176,
              10.6029678
            ],
            [
              -66.9007442,
              10.6034413
            ],
            [
              -66.9008822,
              10.6034056
            ]
          ]
        ]
      },
      "id": "way/1532997797"
    },
    {
      "type": "Feature",
      "properties": {
        "@id": "way/1533058883",
        "amenity": "school"
      },
      "geometry": {
        "type": "Polygon",
        "coordinates": [
          [
            [
              -66.9749176,
              10.6023353
            ],
            [
              -66.9749042,
              10.6020225
            ],
            [
              -66.9742179,
              10.6018099
            ],
            [
              -66.9741331,
              10.6023959
            ],
            [
              -66.9749176,
              10.6023353
            ]
          ]
        ]
      },
      "id": "way/1533058883"
    },
    {
      "type": "Feature",
      "properties": {
        "@id": "way/1533180830",
        "addr:city": "Maiquetia",
        "amenity": "school",
        "layer": "1",
        "name": "E.N.B Juan de Urpin"
      },
      "geometry": {
        "type": "Polygon",
        "coordinates": [
          [
            [
              -66.9847934,
              10.5955474
            ],
            [
              -66.9847859,
              10.5954042
            ],
            [
              -66.984808,
              10.5954031
            ],
            [
              -66.984805,
              10.5953464
            ],
            [
              -66.9847471,
              10.5953493
            ],
            [
              -66.9847393,
              10.5952002
            ],
            [
              -66.9844252,
              10.5952159
            ],
            [
              -66.9844316,
              10.5953388
            ],
            [
              -66.9844583,
              10.5953374
            ],
            [
              -66.98447,
              10.5955637
            ],
            [
              -66.9847934,
              10.5955474
            ]
          ]
        ]
      },
      "id": "way/1533180830"
    },
    {
      "type": "Feature",
      "properties": {
        "@id": "way/1533514380",
        "leisure": "park"
      },
      "geometry": {
        "type": "Polygon",
        "coordinates": [
          [
            [
              -67.0255615,
              10.5980705
            ],
            [
              -67.0261051,
              10.5977376
            ],
            [
              -67.0259368,
              10.597472
            ],
            [
              -67.0253932,
              10.597805
            ],
            [
              -67.0255615,
              10.5980705
            ]
          ]
        ]
      },
      "id": "way/1533514380"
    },
    {
      "type": "Feature",
      "properties": {
        "@id": "way/1534259031",
        "amenity": "hospital",
        "healthcare": "clinic",
        "name": "consultorio popular Rómulo Gallegos"
      },
      "geometry": {
        "type": "Polygon",
        "coordinates": [
          [
            [
              -67.0377163,
              10.5944439
            ],
            [
              -67.0378519,
              10.5944103
            ],
            [
              -67.0378323,
              10.5943183
            ],
            [
              -67.0376956,
              10.5943634
            ],
            [
              -67.0377163,
              10.5944439
            ]
          ]
        ]
      },
      "id": "way/1534259031"
    },
    {
      "type": "Feature",
      "properties": {
        "@id": "way/1545300678",
        "addr:city": "Ciudad Caribia",
        "addr:street": "Redoma de Los Indios",
        "amenity": "hospital",
        "contact:instagram": "hciudadcaribia",
        "emergency": "yes",
        "healthcare": "hospital",
        "name": "Hospital Ciudad Caribia",
        "operator": "Ministerio del Poder Popular para la Salud",
        "operator:type": "government"
      },
      "geometry": {
        "type": "Polygon",
        "coordinates": [
          [
            [
              -67.021012,
              10.5417199
            ],
            [
              -67.021944,
              10.5424395
            ],
            [
              -67.0225519,
              10.5417841
            ],
            [
              -67.0224446,
              10.5413396
            ],
            [
              -67.0215646,
              10.5408491
            ],
            [
              -67.021012,
              10.5417199
            ]
          ]
        ]
      },
      "id": "way/1545300678"
    },
    {
      "type": "Feature",
      "properties": {
        "@id": "way/1545512972",
        "amenity": "hospital",
        "building": "yes",
        "healthcare": "hospital",
        "name": "Sala De Rehabilitación Integral Naiguatá (SRI)"
      },
      "geometry": {
        "type": "Polygon",
        "coordinates": [
          [
            [
              -66.7339465,
              10.6214899
            ],
            [
              -66.7339979,
              10.6213886
            ],
            [
              -66.733847,
              10.6213146
            ],
            [
              -66.7338632,
              10.6212827
            ],
            [
              -66.7337801,
              10.621242
            ],
            [
              -66.7337519,
              10.6212975
            ],
            [
              -66.7337527,
              10.6212979
            ],
            [
              -66.7336873,
              10.621427
            ],
            [
              -66.7337742,
              10.6214695
            ],
            [
              -66.7338002,
              10.6214182
            ],
            [
              -66.7339465,
              10.6214899
            ]
          ]
        ]
      },
      "id": "way/1545512972"
    },
    {
      "type": "Feature",
      "properties": {
        "@id": "way/1545825781",
        "leisure": "park"
      },
      "geometry": {
        "type": "Polygon",
        "coordinates": [
          [
            [
              -67.0180243,
              10.6079472
            ],
            [
              -67.0180327,
              10.607587
            ],
            [
              -67.01756,
              10.6075697
            ],
            [
              -67.0177731,
              10.6076735
            ],
            [
              -67.0178342,
              10.6077095
            ],
            [
              -67.0180243,
              10.6079472
            ]
          ]
        ]
      },
      "id": "way/1545825781"
    },
    {
      "type": "Feature",
      "properties": {
        "@id": "node/2349739917",
        "addr:city": "El Tigrillo",
        "addr:country": "VE",
        "addr:state": "Vargas",
        "amenity": "school",
        "name": "Escuela Los Caracas"
      },
      "geometry": {
        "type": "Point",
        "coordinates": [
          -66.7663119,
          10.6155
        ]
      },
      "id": "node/2349739917"
    },
    {
      "type": "Feature",
      "properties": {
        "@id": "node/2746198649",
        "amenity": "school",
        "name": "Colegio Gual y España"
      },
      "geometry": {
        "type": "Point",
        "coordinates": [
          -67.0304935,
          10.6061793
        ]
      },
      "id": "node/2746198649"
    },
    {
      "type": "Feature",
      "properties": {
        "@id": "node/2746198660",
        "addr:city": "Catia La Mar",
        "addr:country": "VE",
        "addr:street": "Calle 5",
        "addr:suburb": "La Atlántida",
        "amenity": "school",
        "name": "Colegio Juan XXIII"
      },
      "geometry": {
        "type": "Point",
        "coordinates": [
          -67.0310063,
          10.60692
        ]
      },
      "id": "node/2746198660"
    },
    {
      "type": "Feature",
      "properties": {
        "@id": "node/2747265957",
        "addr:city": "Catia La Mar",
        "addr:postcode": "1162",
        "addr:street": "Avenida El Ejército",
        "amenity": "hospital",
        "emergency": "yes",
        "healthcare": "hospital",
        "name": "Hospital Dr. Alfredo Machado"
      },
      "geometry": {
        "type": "Point",
        "coordinates": [
          -67.0387244,
          10.6001961
        ]
      },
      "id": "node/2747265957"
    },
    {
      "type": "Feature",
      "properties": {
        "@id": "node/2747333417",
        "amenity": "school",
        "denomination": "catholic",
        "name": "U.E. Santo Domingo",
        "religion": "christian"
      },
      "geometry": {
        "type": "Point",
        "coordinates": [
          -66.8423759,
          10.6079045
        ]
      },
      "id": "node/2747333417"
    },
    {
      "type": "Feature",
      "properties": {
        "@id": "node/2780733740",
        "amenity": "school",
        "name": "Escuela Licenciado Aranda"
      },
      "geometry": {
        "type": "Point",
        "coordinates": [
          -66.9590577,
          10.5964726
        ]
      },
      "id": "node/2780733740"
    },
    {
      "type": "Feature",
      "properties": {
        "@id": "node/2846642296",
        "amenity": "school",
        "name": "Colegio Gabriela Mistral"
      },
      "geometry": {
        "type": "Point",
        "coordinates": [
          -67.0320557,
          10.6040547
        ]
      },
      "id": "node/2846642296"
    },
    {
      "type": "Feature",
      "properties": {
        "@id": "node/3121547137",
        "amenity": "hospital",
        "emergency": "yes",
        "healthcare": "hospital",
        "name": "Módulo de Guaracarumbo"
      },
      "geometry": {
        "type": "Point",
        "coordinates": [
          -67.0137374,
          10.5968026
        ]
      },
      "id": "node/3121547137"
    },
    {
      "type": "Feature",
      "properties": {
        "@id": "node/3124781200",
        "amenity": "school",
        "name": "Ciencias del Mar"
      },
      "geometry": {
        "type": "Point",
        "coordinates": [
          -67.0134984,
          10.6085833
        ]
      },
      "id": "node/3124781200"
    },
    {
      "type": "Feature",
      "properties": {
        "@id": "node/3132435685",
        "addr:country": "VE",
        "addr:place": "Mamo",
        "addr:state": "Vargas",
        "amenity": "school",
        "name": "Escuela Estatal León Trujillo",
        "operator": "Gobernación de Vargas"
      },
      "geometry": {
        "type": "Point",
        "coordinates": [
          -67.058308,
          10.5888694
        ]
      },
      "id": "node/3132435685"
    },
    {
      "type": "Feature",
      "properties": {
        "@id": "node/3132435686",
        "addr:country": "VE",
        "addr:place": "Mamo",
        "addr:state": "Vargas",
        "amenity": "hospital",
        "healthcare": "hospital",
        "name": "Ambulatorio Jacinto Plaza"
      },
      "geometry": {
        "type": "Point",
        "coordinates": [
          -67.058316,
          10.5886849
        ]
      },
      "id": "node/3132435686"
    },
    {
      "type": "Feature",
      "properties": {
        "@id": "node/3164028671",
        "amenity": "school",
        "name": "Escuela Rómulo Gallegos"
      },
      "geometry": {
        "type": "Point",
        "coordinates": [
          -67.0289315,
          10.6044718
        ]
      },
      "id": "node/3164028671"
    },
    {
      "type": "Feature",
      "properties": {
        "@id": "node/3668841146",
        "amenity": "school",
        "name": "Escuela Básica Mare"
      },
      "geometry": {
        "type": "Point",
        "coordinates": [
          -66.9817276,
          10.6073008
        ]
      },
      "id": "node/3668841146"
    },
    {
      "type": "Feature",
      "properties": {
        "@id": "node/3745872729",
        "amenity": "school",
        "name": "Escuela Estatal Ángel Valero Hostos",
        "operator": "Gobernación de Vargas"
      },
      "geometry": {
        "type": "Point",
        "coordinates": [
          -67.0638359,
          10.5866277
        ]
      },
      "id": "node/3745872729"
    },
    {
      "type": "Feature",
      "properties": {
        "@id": "node/3751782434",
        "addr:city": "Macuto",
        "addr:country": "VE",
        "addr:state": "Vargas",
        "amenity": "school",
        "name": "Escuela Benposta",
        "operator": "Avec"
      },
      "geometry": {
        "type": "Point",
        "coordinates": [
          -66.9020788,
          10.6030105
        ]
      },
      "id": "node/3751782434"
    },
    {
      "type": "Feature",
      "properties": {
        "@id": "node/3994658457",
        "amenity": "school",
        "name": "Escuela de Caoma"
      },
      "geometry": {
        "type": "Point",
        "coordinates": [
          -67.1201113,
          10.5221834
        ]
      },
      "id": "node/3994658457"
    },
    {
      "type": "Feature",
      "properties": {
        "@id": "node/4083284931",
        "addr:city": "Vista al Mar",
        "addr:street": "Av. Principal de Vista al Mar",
        "amenity": "hospital",
        "emergency": "no",
        "healthcare": "hospital",
        "name": "Ambulatorio Pedro Cova"
      },
      "geometry": {
        "type": "Point",
        "coordinates": [
          -67.0714278,
          10.5842019
        ]
      },
      "id": "node/4083284931"
    },
    {
      "type": "Feature",
      "properties": {
        "@id": "node/4083284933",
        "addr:city": "Vista al Mar",
        "addr:street": "Av. Principal de Vista al Mar",
        "amenity": "school",
        "name": "EB Arrecifes",
        "operator": "Gobernación del Estado Vargas"
      },
      "geometry": {
        "type": "Point",
        "coordinates": [
          -67.0717228,
          10.5841418
        ]
      },
      "id": "node/4083284933"
    },
    {
      "type": "Feature",
      "properties": {
        "@id": "node/4192521466",
        "addr:city": "Macuto",
        "amenity": "school",
        "name": "Liceo Pedro Elías Gutiérrez"
      },
      "geometry": {
        "type": "Point",
        "coordinates": [
          -66.8905915,
          10.6066609
        ]
      },
      "id": "node/4192521466"
    },
    {
      "type": "Feature",
      "properties": {
        "@id": "node/4681297476",
        "amenity": "school",
        "name": "EBR General Francisco de Miranda"
      },
      "geometry": {
        "type": "Point",
        "coordinates": [
          -66.9563128,
          10.5906622
        ]
      },
      "id": "node/4681297476"
    },
    {
      "type": "Feature",
      "properties": {
        "@id": "node/4917863633",
        "amenity": "school"
      },
      "geometry": {
        "type": "Point",
        "coordinates": [
          -67.141189,
          10.5391625
        ]
      },
      "id": "node/4917863633"
    },
    {
      "type": "Feature",
      "properties": {
        "@id": "node/4961857826",
        "amenity": "school",
        "name": "Pio Rengifo",
        "name:en": "Pio Rengifo",
        "name:es": "Pio Rengifo"
      },
      "geometry": {
        "type": "Point",
        "coordinates": [
          -67.141205,
          10.539251
        ]
      },
      "id": "node/4961857826"
    },
    {
      "type": "Feature",
      "properties": {
        "@id": "node/7572501461",
        "addr:city": "Caraballeda",
        "addr:postcode": "1165",
        "addr:street": "Avenida Swinemunde, Urb. Palmar Este",
        "amenity": "school",
        "internet_access": "wlan",
        "name": "UEP Colegio Maria Montessori",
        "phone": "+584127214243",
        "website": "https://www.instagram.com/uepmariamontessori",
        "wheelchair": "yes"
      },
      "geometry": {
        "type": "Point",
        "coordinates": [
          -66.851549,
          10.6126738
        ]
      },
      "id": "node/7572501461"
    },
    {
      "type": "Feature",
      "properties": {
        "@id": "node/8108163018",
        "amenity": "school",
        "name": "Liceo Narciso Gonell"
      },
      "geometry": {
        "type": "Point",
        "coordinates": [
          -67.0380399,
          10.5952577
        ]
      },
      "id": "node/8108163018"
    },
    {
      "type": "Feature",
      "properties": {
        "@id": "node/8108197617",
        "amenity": "school",
        "name": "Escuela de Educación Inicial CENIFA"
      },
      "geometry": {
        "type": "Point",
        "coordinates": [
          -67.0380203,
          10.5955862
        ]
      },
      "id": "node/8108197617"
    },
    {
      "type": "Feature",
      "properties": {
        "@id": "node/10951503492",
        "amenity": "hospital",
        "healthcare": "hospital",
        "name": "Centro de Diagnóstico Integral"
      },
      "geometry": {
        "type": "Point",
        "coordinates": [
          -66.9716662,
          10.5981081
        ]
      },
      "id": "node/10951503492"
    },
    {
      "type": "Feature",
      "properties": {
        "@id": "node/10951503503",
        "amenity": "hospital",
        "healthcare": "hospital",
        "name": "Centro Oftalmológico de Vargas"
      },
      "geometry": {
        "type": "Point",
        "coordinates": [
          -66.9838585,
          10.5990693
        ]
      },
      "id": "node/10951503503"
    },
    {
      "type": "Feature",
      "properties": {
        "@id": "node/10969826433",
        "amenity": "hospital",
        "healthcare": "hospital",
        "name": "Ambulatorio Guaicamacuto"
      },
      "geometry": {
        "type": "Point",
        "coordinates": [
          -66.9008943,
          10.6049139
        ]
      },
      "id": "node/10969826433"
    },
    {
      "type": "Feature",
      "properties": {
        "@id": "node/10992880061",
        "amenity": "hospital",
        "healthcare": "hospital",
        "name": "Hospital de Emergencias de Naiguatá"
      },
      "geometry": {
        "type": "Point",
        "coordinates": [
          -66.7384762,
          10.6216081
        ]
      },
      "id": "node/10992880061"
    },
    {
      "type": "Feature",
      "properties": {
        "@id": "node/12302040401",
        "leisure": "park",
        "name": "Mausoleo del Dr. Knoche"
      },
      "geometry": {
        "type": "Point",
        "coordinates": [
          -66.9104774,
          10.575698
        ]
      },
      "id": "node/12302040401"
    },
    {
      "type": "Feature",
      "properties": {
        "@id": "node/12573212602",
        "amenity": "school",
        "name": "Complejo Educativo José Leonardo Chirino"
      },
      "geometry": {
        "type": "Point",
        "coordinates": [
          -66.3496176,
          10.6059805
        ]
      },
      "id": "node/12573212602"
    },
    {
      "type": "Feature",
      "properties": {
        "@id": "node/12580347501",
        "amenity": "school"
      },
      "geometry": {
        "type": "Point",
        "coordinates": [
          -66.4779635,
          10.6259897
        ]
      },
      "id": "node/12580347501"
    },
    {
      "type": "Feature",
      "properties": {
        "@id": "node/12580459701",
        "amenity": "school",
        "check_date": "2026-04-12",
        "name": "U. E. N. B Martin Luther King"
      },
      "geometry": {
        "type": "Point",
        "coordinates": [
          -66.7224854,
          10.6184225
        ]
      },
      "id": "node/12580459701"
    },
    {
      "type": "Feature",
      "properties": {
        "@id": "node/12582503625",
        "amenity": "school",
        "name": "Complejo Educativo Cacique Paisana"
      },
      "geometry": {
        "type": "Point",
        "coordinates": [
          -66.3132832,
          10.6163761
        ]
      },
      "id": "node/12582503625"
    },
    {
      "type": "Feature",
      "properties": {
        "@id": "node/13873043403",
        "amenity": "school",
        "education": "school"
      },
      "geometry": {
        "type": "Point",
        "coordinates": [
          -66.7380156,
          10.6207067
        ]
      },
      "id": "node/13873043403"
    },
    {
      "type": "Feature",
      "properties": {
        "@id": "node/13976280529",
        "addr:city": "Tanaguarenas",
        "addr:country": "VE",
        "addr:postcode": "1030",
        "addr:state": "Vargas",
        "addr:street": "Av. José María España",
        "amenity": "school",
        "name": "Colegio Tanaguarenas"
      },
      "geometry": {
        "type": "Point",
        "coordinates": [
          -66.8354097,
          10.6135029
        ]
      },
      "id": "node/13976280529"
    },
    {
      "type": "Feature",
      "properties": {
        "@id": "node/13996806568",
        "amenity": "school",
        "check_date": "2026-07-08",
        "education": "school",
        "name": "C.E. Juan José Mendoza"
      },
      "geometry": {
        "type": "Point",
        "coordinates": [
          -66.846448,
          10.6172346
        ]
      },
      "id": "node/13996806568"
    },
    {
      "type": "Feature",
      "properties": {
        "@id": "node/14001644720",
        "addr:city": "San Julián",
        "amenity": "school",
        "building:levels": "2",
        "name": "Escuela Hilda Vásquez"
      },
      "geometry": {
        "type": "Point",
        "coordinates": [
          -66.8496024,
          10.6056961
        ]
      },
      "id": "node/14001644720"
    },
    {
      "type": "Feature",
      "properties": {
        "@id": "node/14003855803",
        "amenity": "school",
        "education": "school",
        "name": "EUP Simón Bolívar",
        "school": "yes"
      },
      "geometry": {
        "type": "Point",
        "coordinates": [
          -66.8498086,
          10.6107331
        ]
      },
      "id": "node/14003855803"
    },
    {
      "type": "Feature",
      "properties": {
        "@id": "node/14006381362",
        "amenity": "school",
        "education": "school",
        "name": "Colegio La Merced"
      },
      "geometry": {
        "type": "Point",
        "coordinates": [
          -66.8505078,
          10.6107373
        ]
      },
      "id": "node/14006381362"
    }
  ]
}